dependent_country;dependency_value;direct_dependency;indirect_dependency
México;0.7041827385540426;0.6531030145518628;0.05107972400217975
Canadá;0.7004296834304308;0.6238755616070656;0.07655412182336523
Reino Unido;0.44128819428155147;0.2528332682180669;0.18845492606348457
Francia;0.3388744744702503;0.18847537568322578;0.1503990987870245
España;0.3337145761583007;0.18575243867013905;0.14796213748816164
Alemania;0.2999501707212707;0.1449497861002984;0.15500038462097224
Italia;0.22916082814253386;0.09146155287218133;0.13769927527035244
