País;Dependencia Total;Dependencia Directa;Dependencia Indirecta;Valor Comercial;Tiene Dependencia Indirecta Sin Comercio;Industrias Encontradas;Industrias Sin Datos;Sector
Canadá;0.4473060543250276;0.3811248080226467;0.06618124630238092;61352.91174316406;False;7;0;Vehículo Eléctrico y Automóvil
México;0.26237006683843833;0.23445659903223628;0.027913467806202057;43779.85565185547;False;7;0;Vehículo Eléctrico y Automóvil
Alemania;0.007995993248105964;0.004397405273978147;0.0035985879741278174;12343.654502868652;False;7;0;Vehículo Eléctrico y Automóvil
Francia;0.0013459753041125345;0.0005846246501618487;0.0007613506539506859;1252.4643325805664;False;7;0;Vehículo Eléctrico y Automóvil
Italia;0.0009467767419607755;0.00028639696422779777;0.0006603797777329777;778.548192024231;False;7;0;Vehículo Eléctrico y Automóvil
España;0.001550060978826733;0.0005908428643200186;0.0009592181145067143;1150.5474224090576;False;7;0;Vehículo Eléctrico y Automóvil
Reino Unido;0.007448479808899803;0.003948642128026823;0.00349983768087298;4429.395751953125;False;7;0;Vehículo Eléctrico y Automóvil
