País;Dependencia Total;Dependencia Directa;Dependencia Indirecta;Valor Comercial;Tiene Dependencia Indirecta Sin Comercio;Industrias Encontradas;Industrias Sin Datos;Sector
Canadá;0.08092129025499142;0.0641952426789293;0.01672604757606213;8750.982177734375;False;6;1;Semiconductores y Electrónica
México;0.05337100160161268;0.04313018188096005;0.010240819720652626;13306.847900390625;False;6;1;Semiconductores y Electrónica
Alemania;0.011054075262709712;0.005407042383010151;0.00564703287969956;9041.006927490234;False;6;1;Semiconductores y Electrónica
Francia;0.010903408595108091;0.004588381926304188;0.0063150266688039025;2779.741523742676;False;6;1;Semiconductores y Electrónica
Italia;0.0070176262491414045;0.0026129825855152893;0.004404643663626115;1233.8309173583984;False;6;1;Semiconductores y Electrónica
España;0.0043527261666055014;0.0012886620363640197;0.003064064130241482;789.540937423706;False;6;1;Semiconductores y Electrónica
Reino Unido;0.021088042912669063;0.01355062511690214;0.007537417795766923;5851.496490478516;False;6;1;Semiconductores y Electrónica
