País;Dependencia Total;Dependencia Directa;Dependencia Indirecta;Valor Comercial;Tiene Dependencia Indirecta Sin Comercio;Industrias Encontradas;Industrias Sin Datos;Sector
Canadá;0.4309309798595382;0.32598174390653256;0.10494923595300565;11913.82177734375;False;6;0;Defensa y Aeroespacial
México;0.20737735480335628;0.16077210093108887;0.04660525387226742;4669.693382978439;False;6;0;Defensa y Aeroespacial
Alemania;0.18645306283165863;0.10799819059865393;0.07845487223300472;15294.665315628052;False;6;0;Defensa y Aeroespacial
Francia;0.2274520628132113;0.12850654884181675;0.09894551397139455;11284.47658419609;False;6;0;Defensa y Aeroespacial
Italia;0.07351131838553254;0.03766867562475397;0.03584264276077858;1686.9208997488022;False;6;0;Defensa y Aeroespacial
España;0.13497620581371364;0.054208287994381675;0.08076791781933196;2477.048671245575;False;6;0;Defensa y Aeroespacial
Reino Unido;0.4324505357988333;0.3365512787466686;0.09589925705216466;19612.469022750854;False;6;0;Defensa y Aeroespacial
