País;Dependencia Total;Dependencia Directa;Dependencia Indirecta;Valor Comercial;Tiene Dependencia Indirecta Sin Comercio;Industrias Encontradas;Industrias Sin Datos;Sector
Canadá;0.32763741928808127;0.2893794973713185;0.03825792191676276;57646.02813720703;False;7;0;Vehículo Eléctrico y Automóvil
México;0.14817258666295285;0.13526453432349175;0.012908052339461087;40571.12420654297;False;7;0;Vehículo Eléctrico y Automóvil
Alemania;0.0013152403225606185;0.0007042552559603574;0.0006109850666002612;10328.835639953613;False;7;0;Vehículo Eléctrico y Automóvil
Francia;0.00104121618290685;0.0005197115090675011;0.0005215046738393489;2343.6389350891113;False;7;0;Vehículo Eléctrico y Automóvil
Italia;0.00032832653047107634;0.00013669091775286532;0.000191635612718211;757.0957851409912;False;7;0;Vehículo Eléctrico y Automóvil
España;0.0005174954955730767;0.0001747145839745827;0.00034278091159849406;966.2353897094727;False;7;0;Vehículo Eléctrico y Automóvil
Reino Unido;0.005714005360988094;0.0037466205500738007;0.001967384810914293;3279.8660163879395;False;7;0;Vehículo Eléctrico y Automóvil
