País;Dependencia Total;Dependencia Directa;Dependencia Indirecta;Valor Comercial;Tiene Dependencia Indirecta Sin Comercio;Industrias Encontradas;Industrias Sin Datos;Sector
Canadá;0.35455565721393545;0.27373523318172155;0.08082042403221391;12069.719139099121;False;6;0;Defensa y Aeroespacial
México;0.24368233761671793;0.2012336035965983;0.04244873402011963;5257.52730846405;False;6;0;Defensa y Aeroespacial
Alemania;0.11904384229893046;0.07946011000347913;0.03958373229545133;17506.355192661285;False;6;0;Defensa y Aeroespacial
Francia;0.042732124453930556;0.022945025176842472;0.019787099277088088;13070.117348909378;False;6;0;Defensa y Aeroespacial
Italia;0.0159728472795315;0.008492407295026998;0.007480439984504501;2260.0622692108154;False;6;0;Defensa y Aeroespacial
España;0.033960402521016425;0.0197712655100103;0.014189137011006124;2241.151496887207;False;5;1;Defensa y Aeroespacial
Reino Unido;0.28391440161401027;0.2053288766932425;0.07858552492076779;16359.521576404572;False;6;0;Defensa y Aeroespacial
