País;Dependencia Total;Dependencia Directa;Dependencia Indirecta;Valor Comercial;Tiene Dependencia Indirecta Sin Comercio;Industrias Encontradas;Industrias Sin Datos;Sector
Canadá;0.18020658666572537;0.1605023675361561;0.019704219129569274;16251.756774902344;False;7;0;Semiconductores y Electrónica
México;0.04069396949090107;0.03308596033202211;0.007608009158878967;14888.934204101562;False;7;0;Semiconductores y Electrónica
Alemania;0.0039943069117461235;0.002096936989263208;0.0018973699224829152;12893.200012207031;False;7;0;Semiconductores y Electrónica
Francia;0.0024772579765760193;0.001346945131994566;0.0011303128445814532;5928.996170043945;False;7;0;Semiconductores y Electrónica
Italia;0.001219006030297324;0.0004896710643339935;0.0007293349659633304;2285.678642272949;False;7;0;Semiconductores y Electrónica
España;0.0008316133192555974;0.00027549070695971357;0.0005561226122958837;1658.2033100128174;False;7;0;Semiconductores y Electrónica
Reino Unido;0.02919548849977933;0.022725872939243514;0.006469615560535818;14598.397018432617;False;7;0;Semiconductores y Electrónica
